n;RN;AVL;B-1;B-5;B-10
1;1;1;4;4;4
2;3;5;10;10;10
3;9;13;20;17;17
4;13;18;28;25;25
5;19;27;39;34;34
6;25;36;51;44;44
7;34;49;65;53;53
8;34;52;76;63;63
9;40;60;89;73;73
10;50;73;104;85;85
11;58;84;117;98;95
12;60;92;133;110;107
13;74;109;144;120;117
14;79;118;160;133;130
15;87;129;175;144;141
16;92;136;189;156;153
17;99;155;206;170;166
18;107;167;216;181;179
19;128;184;240;197;192
20;123;191;248;210;205
21;139;207;268;224;219
22;145;221;288;237;232
23;148;227;302;249;246
24;163;248;317;262;258
25;167;262;330;274;273
26;173;259;346;291;287
27;185;286;368;308;300
28;187;291;382;320;313
29;203;315;399;330;327
30;208;316;414;342;340
31;224;341;436;357;352
32;241;356;452;373;370
33;241;364;463;384;384
34;246;369;485;399;399
35;257;396;502;416;411
36;265;403;519;427;428
37;271;425;540;443;444
38;280;429;551;456;457
39;295;451;566;472;476
40;294;461;591;488;487
41;311;480;612;505;506
42;327;496;626;515;521
43;327;511;656;531;535
44;334;517;668;548;552
45;364;549;676;554;565
46;362;556;694;572;580
47;376;580;724;592;596
48;374;585;732;601;610
49;385;601;759;613;623
50;404;614;786;633;639
51;404;628;797;645;653
52;415;643;811;660;670
53;426;658;831;675;680
54;444;675;845;689;701
55;443;688;868;705;711
56;459;712;886;714;727
57;461;709;907;735;743
58;470;725;928;747;756
59;486;745;950;769;777
60;488;762;972;779;787
61;493;778;981;797;800
62;524;803;1000;811;823
63;528;826;1019;825;831
64;524;829;1040;841;855
65;559;867;1066;860;866
66;556;868;1083;875;891
67;556;875;1096;882;898
68;578;900;1124;899;913
69;578;901;1135;915;930
70;589;935;1148;930;944
71;603;951;1174;944;958
72;606;955;1194;955;972
73;626;974;1219;979;989
74;637;995;1233;990;1007
75;642;1011;1255;1005;1020
76;649;1019;1277;1017;1036
77;661;1043;1296;1043;1057
78;667;1059;1308;1058;1073
79;674;1068;1340;1073;1083
80;691;1093;1352;1088;1105
81;693;1099;1382;1102;1120
82;724;1130;1394;1109;1136
83;720;1132;1409;1133;1153
84;742;1156;1432;1146;1167
85;743;1187;1450;1159;1177
86;760;1189;1475;1177;1200
87;755;1208;1486;1192;1210
88;772;1224;1507;1214;1233
89;799;1236;1530;1233;1246
90;795;1255;1551;1241;1264
91;797;1263;1572;1270;1275
92;829;1295;1580;1270;1290
93;832;1297;1604;1289;1311
94;834;1326;1637;1316;1322
95;838;1333;1661;1324;1345
96;864;1365;1664;1340;1358
97;861;1378;1679;1365;1376
98;884;1400;1713;1376;1393
99;897;1418;1742;1404;1417
100;913;1440;1747;1410;1425
101;915;1449;1770;1429;1438
102;924;1460;1795;1440;1460
103;939;1481;1822;1460;1469
104;953;1505;1849;1483;1492
105;954;1517;1868;1488;1502
106;956;1529;1861;1516;1528
107;984;1555;1901;1528;1536
108;1009;1579;1922;1548;1554
109;977;1579;1931;1562;1570
110;1006;1612;1954;1571;1584
111;1028;1627;1968;1593;1601
112;1026;1646;1993;1609;1620
113;1034;1659;2021;1627;1636
114;1043;1652;2027;1645;1655
115;1055;1689;2055;1664;1674
116;1082;1717;2098;1682;1689
117;1098;1731;2124;1698;1700
118;1097;1747;2125;1715;1718
119;1110;1760;2160;1731;1738
120;1108;1758;2181;1740;1745
121;1124;1773;2202;1772;1763
122;1141;1815;2222;1782;1788
123;1143;1839;2226;1797;1797
124;1168;1870;2270;1814;1813
125;1183;1877;2294;1832;1827
126;1186;1900;2297;1849;1849
127;1183;1892;2313;1866;1866
128;1210;1926;2347;1879;1878
129;1208;1934;2369;1902;1893
130;1227;1951;2378;1914;1916
131;1241;1975;2405;1935;1932
132;1238;1973;2437;1953;1951
133;1265;2024;2445;1966;1972
134;1269;2038;2467;1981;1980
135;1289;2052;2502;2002;1996
136;1289;2071;2505;2015;2014
137;1305;2091;2533;2039;2029
138;1314;2100;2554;2054;2047
139;1347;2132;2573;2070;2064
140;1333;2143;2588;2083;2086
141;1349;2155;2592;2105;2097
142;1356;2166;2651;2117;2115
143;1377;2199;2657;2141;2132
144;1371;2205;2680;2162;2150
145;1394;2227;2681;2176;2159
146;1412;2243;2712;2194;2178
147;1414;2277;2756;2202;2203
148;1426;2296;2764;2222;2214
149;1445;2307;2785;2240;2228
150;1432;2300;2804;2266;2240
151;1469;2346;2827;2283;2268
152;1457;2343;2844;2290;2281
153;1462;2367;2878;2315;2296
154;1510;2394;2896;2335;2313
155;1522;2432;2910;2350;2339
156;1508;2420;2923;2366;2351
157;1518;2439;2976;2389;2369
158;1556;2470;3003;2404;2384
159;1545;2470;3013;2420;2401
160;1544;2484;3034;2435;2415
161;1555;2518;3058;2457;2436
162;1565;2544;3070;2477;2455
163;1611;2583;3077;2490;2473
164;1604;2580;3120;2504;2481
165;1618;2577;3130;2523;2502
166;1640;2631;3132;2546;2518
167;1655;2657;3187;2562;2540
168;1665;2664;3201;2582;2556
169;1693;2676;3226;2602;2576
170;1680;2709;3247;2621;2588
171;1701;2716;3270;2643;2621
172;1706;2734;3291;2648;2623
173;1706;2732;3313;2676;2647
174;1713;2763;3328;2685;2661
175;1717;2776;3357;2708;2674
176;1769;2820;3391;2724;2689
177;1755;2813;3398;2741;2705
178;1786;2861;3425;2750;2730
179;1778;2874;3450;2772;2749
180;1820;2898;3460;2797;2763
181;1802;2888;3485;2811;2774
182;1805;2918;3500;2839;2793
183;1824;2950;3532;2852;2808
184;1837;2960;3570;2876;2822
185;1847;2994;3586;2878;2846
186;1873;3001;3591;2897;2868
187;1875;3026;3644;2918;2884
188;1896;3036;3636;2936;2892
189;1878;3056;3665;2958;2914
190;1922;3090;3693;2961;2932
191;1920;3093;3694;2994;2951
192;1917;3112;3740;3001;2962
193;1930;3134;3759;3032;2988
194;1949;3160;3781;3040;3004
195;1932;3158;3795;3074;3025
196;1971;3203;3801;3073;3039
197;1987;3200;3854;3099;3055
198;2020;3237;3872;3109;3081
199;2011;3237;3896;3137;3083
200;2013;3255;3921;3166;3102
201;2032;3272;3937;3174;3129
202;2034;3271;3962;3177;3138
203;2054;3329;3964;3201;3156
204;2062;3358;4002;3224;3178
205;2095;3382;4033;3245;3197
206;2093;3394;4061;3261;3203
207;2102;3406;4059;3280;3224
208;2114;3428;4081;3294;3247
209;2154;3467;4120;3305;3259
210;2132;3454;4131;3339;3276
211;2155;3477;4154;3339;3299
212;2169;3520;4182;3367;3319
213;2165;3531;4199;3384;3330
214;2185;3514;4207;3403;3349
215;2207;3557;4220;3415;3354
216;2216;3576;4260;3431;3387
217;2211;3577;4280;3456;3398
218;2237;3606;4312;3470;3424
219;2259;3670;4335;3489;3433
220;2260;3654;4353;3511;3460
221;2269;3680;4383;3536;3473
222;2289;3692;4387;3544;3482
223;2299;3740;4420;3570;3501
224;2314;3749;4461;3584;3519
225;2315;3738;4473;3605;3537
226;2326;3795;4502;3610;3556
227;2322;3786;4484;3642;3584
228;2373;3827;4537;3665;3592
229;2341;3814;4536;3669;3607
230;2381;3856;4604;3698;3619
231;2389;3888;4621;3707;3648
232;2405;3908;4647;3736;3659
233;2399;3921;4637;3744;3676
234;2433;3939;4654;3763;3697
235;2422;3931;4688;3768;3714
236;2453;3987;4710;3788;3732
237;2447;3982;4744;3812;3754
238;2463;4006;4781;3831;3768
239;2485;4023;4781;3856;3791
240;2489;4044;4787;3860;3802
241;2504;4078;4829;3876;3815
242;2542;4104;4867;3907;3844
243;2498;4113;4869;3916;3865
244;2550;4123;4914;3945;3863
245;2557;4138;4920;3965;3885
246;2565;4173;4973;3968;3907
247;2582;4188;4972;3992;3919
248;2575;4212;4969;4019;3941
249;2604;4243;5020;4042;3960
250;2616;4265;5042;4053;3981
251;2614;4271;5056;4070;4000
252;2630;4287;5088;4072;4009
253;2631;4276;5125;4112;4041
254;2648;4354;5113;4120;4048
255;2674;4345;5176;4147;4061
256;2680;4371;5160;4141;4082
257;2716;4394;5197;4176;4108
258;2676;4387;5235;4193;4128
259;2708;4412;5233;4209;4128
260;2762;4463;5261;4235;4161
261;2766;4483;5290;4247;4178
262;2768;4471;5325;4262;4195
263;2726;4484;5338;4273;4203
264;2762;4518;5359;4300;4222
265;2816;4559;5403;4321;4236
266;2782;4554;5417;4333;4256
267;2822;4609;5430;4368;4283
268;2832;4615;5451;4383;4291
269;2830;4630;5486;4398;4313
270;2848;4657;5502;4421;4323
271;2876;4657;5546;4439;4354
272;2880;4688;5530;4455;4362
273;2887;4717;5576;4465;4387
274;2903;4762;5564;4489;4415
275;2929;4747;5617;4509;4413
276;2906;4764;5647;4514;4435
277;2923;4763;5649;4551;4450
278;2986;4832;5700;4559;4475
279;2945;4826;5718;4567;4500
280;2993;4850;5716;4603;4511
281;2968;4854;5770;4611;4528
282;3009;4886;5784;4635;4534
283;3043;4944;5790;4650;4570
284;3009;4913;5809;4663;4583
285;3033;4951;5871;4688;4600
286;3039;4931;5891;4709;4624
287;3054;4999;5886;4729;4627
288;3057;5003;5918;4743;4652
289;3099;5019;5939;4766;4662
290;3095;5047;5961;4786;4692
291;3072;5079;5988;4791;4707
292;3119;5086;6019;4815;4727
293;3110;5086;6024;4842;4734
294;3127;5116;6063;4855;4756
295;3168;5171;6069;4870;4778
296;3188;5199;6120;4897;4802
297;3163;5174;6139;4906;4815
298;3217;5220;6156;4924;4843
299;3208;5236;6200;4934;4843
300;3209;5241;6184;4966;4876
301;3237;5295;6254;4983;4885
302;3212;5282;6268;5005;4904
303;3267;5324;6274;5016;4923
304;3232;5345;6325;5041;4945
305;3288;5385;6335;5072;4969
306;3269;5367;6318;5070;4985
307;3318;5427;6361;5095;4991
308;3334;5430;6422;5105;5007
309;3316;5439;6416;5125;5043
310;3351;5458;6444;5164;5065
311;3356;5497;6471;5167;5061
312;3377;5505;6503;5183;5088
313;3375;5491;6524;5218;5112
314;3384;5529;6541;5230;5132
315;3418;5563;6555;5243;5149
316;3460;5604;6585;5264;5165
317;3411;5620;6604;5270;5185
318;3431;5633;6617;5293;5194
319;3462;5647;6665;5306;5206
320;3481;5676;6686;5335;5232
321;3480;5681;6731;5345;5266
322;3475;5684;6760;5373;5284
323;3476;5721;6734;5387;5286
324;3498;5754;6763;5415;5313
325;3524;5759;6822;5427;5318
326;3536;5799;6810;5454;5341
327;3527;5811;6844;5462;5354
328;3580;5859;6856;5475;5402
329;3571;5883;6906;5494;5385
330;3584;5859;6920;5513;5425
331;3623;5888;6960;5540;5436
332;3611;5927;6967;5556;5465
333;3620;5935;6991;5564;5491
334;3619;5918;7014;5594;5495
335;3611;5968;7032;5615;5503
336;3676;6006;7077;5633;5542
337;3656;6024;7072;5663;5550
338;3671;6014;7090;5674;5572
339;3699;6078;7141;5684;5581
340;3683;6045;7171;5716;5585
341;3741;6089;7176;5728;5631
342;3720;6138;7205;5746;5650
343;3747;6145;7220;5772;5665
344;3760;6163;7268;5771;5705
345;3753;6173;7266;5801;5698
346;3801;6214;7306;5824;5732
347;3822;6274;7319;5852;5741
348;3792;6241;7338;5875;5775
349;3842;6284;7351;5872;5779
350;3840;6288;7402;5898;5815
351;3842;6328;7409;5929;5812
352;3858;6345;7480;5946;5848
353;3886;6394;7464;5956;5861
354;3889;6358;7496;5972;5895
355;3913;6409;7520;5985;5884
356;3913;6445;7535;6023;5929
357;3933;6447;7569;6025;5936
358;3916;6440;7582;6059;5950
359;3970;6489;7626;6071;5966
360;3957;6515;7633;6078;5996
361;3960;6546;7664;6108;6020
362;3996;6548;7678;6127;6041
363;4002;6555;7702;6162;6058
364;4018;6602;7722;6157;6067
365;4023;6601;7758;6184;6090
366;4046;6633;7797;6181;6108
367;4087;6666;7813;6221;6133
368;4078;6656;7867;6236;6146
369;4062;6689;7879;6239;6165
370;4074;6692;7863;6297;6176
371;4100;6757;7913;6282;6207
372;4111;6720;7906;6326;6229
373;4120;6740;7913;6322;6229
374;4119;6772;7985;6340;6273
375;4139;6812;8008;6374;6287
376;4161;6857;8004;6378;6297
377;4169;6859;8023;6409;6326
378;4166;6855;8078;6432;6359
379;4186;6884;8110;6456;6372
380;4194;6919;8107;6466;6387
381;4231;6985;8129;6499;6393
382;4217;6986;8165;6492;6430
383;4226;6965;8193;6530;6432
384;4243;6991;8205;6541;6454
385;4297;7060;8230;6556;6461
386;4294;7062;8283;6577;6513
387;4287;7077;8240;6595;6510
388;4301;7117;8304;6641;6532
389;4342;7151;8309;6658;6547
390;4333;7137;8360;6650;6563
391;4347;7166;8373;6668;6603
392;4356;7184;8424;6676;6600
393;4377;7189;8462;6708;6620
394;4416;7257;8448;6726;6648
395;4431;7274;8485;6739;6660
396;4437;7280;8514;6769;6681
397;4446;7327;8505;6800;6692
398;4414;7290;8554;6811;6723
399;4459;7326;8573;6820;6747
400;4478;7380;8614;6833;6762
401;4467;7376;8626;6871;6803
402;4496;7422;8671;6894;6804
403;4485;7419;8672;6907;6814
404;4494;7436;8679;6915;6857
405;4529;7458;8720;6945;6859
406;4590;7544;8758;6965;6890
407;4546;7494;8763;6991;6898
408;4553;7535;8767;7001;6909
409;4558;7541;8802;7023;6924
410;4597;7571;8843;7031;6951
411;4604;7611;8852;7054;6981
412;4605;7585;8853;7064;6995
413;4643;7667;8931;7073;7006
414;4665;7674;8932;7115;7025
415;4658;7678;8939;7128;7050
416;4642;7719;9012;7158;7066
417;4655;7697;9014;7164;7095
418;4718;7752;9043;7193;7103
419;4708;7783;9067;7215;7122
420;4731;7796;9109;7232;7143
421;4743;7821;9092;7242;7155
422;4764;7820;9126;7260;7190
423;4734;7827;9147;7277;7212
424;4719;7860;9145;7306;7225
425;4775;7897;9195;7324;7236
426;4762;7893;9211;7358;7274
427;4791;7911;9240;7340;7274
428;4825;7946;9246;7368;7294
429;4848;7955;9289;7373;7326
430;4852;7989;9342;7416;7356
431;4868;7991;9369;7429;7354
432;4871;8032;9378;7462;7368
433;4871;8033;9408;7456;7401
434;4927;8105;9416;7486;7419
435;4900;8117;9453;7495;7449
436;4925;8116;9486;7526;7450
437;4935;8124;9493;7551;7473
438;4937;8110;9498;7570;7498
439;4980;8223;9568;7591;7536
440;4992;8213;9601;7608;7528
441;4996;8235;9592;7612;7554
442;4995;8250;9635;7616;7563
443;4999;8250;9662;7645;7591
444;5022;8287;9662;7694;7619
445;5037;8359;9679;7691;7637
446;5049;8323;9721;7706;7652
447;5072;8386;9738;7740;7686
448;5102;8417;9783;7763;7685
449;5094;8379;9768;7768;7722
450;5125;8441;9781;7792;7739
451;5123;8427;9862;7810;7747
452;5136;8471;9852;7840;7777
453;5142;8472;9894;7852;7804
454;5185;8541;9890;7865;7821
455;5139;8510;9964;7886;7828
456;5149;8513;9949;7904;7840
457;5189;8597;9991;7928;7864
458;5257;8617;10046;7941;7893
459;5204;8639;10069;7956;7892
460;5246;8628;10067;7981;7909
461;5260;8663;10094;8004;7939
462;5267;8679;10155;8019;7961
463;5238;8695;10132;8040;7994
464;5274;8743;10167;8047;7981
465;5305;8749;10179;8083;8030
466;5303;8800;10216;8090;8037
467;5299;8794;10197;8119;8061
468;5383;8834;10275;8131;8084
469;5308;8823;10263;8164;8091
470;5340;8846;10302;8165;8117
471;5390;8896;10326;8209;8142
472;5392;8886;10347;8208;8171
473;5393;8937;10366;8236;8170
474;5386;8915;10395;8241;8201
475;5446;9005;10418;8261;8212
476;5425;8953;10452;8285;8232
477;5436;9013;10496;8312;8263
478;5464;9035;10541;8323;8276
479;5441;9045;10550;8357;8301
480;5493;9092;10563;8352;8312
481;5504;9090;10584;8378;8333
482;5502;9107;10612;8425;8352
483;5505;9133;10619;8435;8359
484;5547;9169;10638;8434;8400
485;5532;9217;10659;8461;8408
486;5562;9202;10669;8479;8420
487;5601;9212;10720;8484;8470
488;5605;9267;10701;8519;8471
489;5590;9275;10749;8544;8501
490;5608;9289;10820;8554;8505
491;5651;9340;10823;8575;8530
492;5653;9318;10834;8612;8558
493;5655;9322;10888;8628;8589
494;5677;9421;10859;8642;8588
495;5679;9396;10914;8659;8617
496;5694;9401;10955;8673;8630
497;5687;9431;10964;8692;8661
498;5690;9462;11018;8716;8673
499;5733;9516;11023;8735;8678
500;5763;9512;11002;8745;8735
501;5770;9524;11045;8746;8726
502;5752;9594;11065;8792;8739
503;5790;9634;11129;8804;8783
504;5796;9594;11132;8817;8790
505;5825;9619;11190;8846;8811
506;5854;9643;11201;8867;8852
507;5816;9666;11212;8861;8834
508;5808;9693;11233;8882;8852
509;5868;9721;11283;8921;8875
510;5850;9771;11244;8929;8901
511;5914;9779;11325;8966;8960
512;5914;9796;11312;8981;8962
513;5951;9829;11387;8990;8958
514;5908;9805;11387;9010;8982
515;5951;9866;11363;9051;9012
516;5972;9854;11410;9039;9029
517;5950;9858;11430;9063;9045
518;5972;9902;11472;9093;9065
519;5988;9973;11495;9105;9082
520;6053;9946;11561;9132;9093
521;6031;9984;11525;9137;9104
522;6069;10026;11532;9187;9114
523;6061;10009;11637;9194;9165
524;6059;10057;11638;9200;9169
525;6084;10045;11675;9230;9210
526;6084;10128;11661;9240;9217
527;6107;10146;11727;9268;9235
528;6112;10134;11728;9282;9262
529;6108;10158;11749;9299;9274
530;6147;10139;11785;9324;9305
531;6144;10201;11790;9355;9319
532;6202;10225;11870;9369;9350
533;6151;10215;11885;9378;9365
534;6227;10318;11925;9401;9363
535;6179;10271;11893;9423;9423
536;6169;10307;11911;9432;9426
537;6243;10359;11985;9460;9452
538;6229;10375;12003;9503;9434
539;6215;10331;12016;9494;9466
540;6283;10404;12052;9513;9495
541;6285;10445;12053;9545;9507
542;6276;10471;12085;9578;9519
543;6312;10501;12107;9570;9566
544;6288;10461;12134;9589;9572
545;6326;10489;12149;9591;9581
546;6353;10540;12228;9629;9606
547;6379;10572;12213;9660;9629
548;6390;10564;12227;9679;9649
549;6372;10602;12252;9695;9673
550;6413;10606;12311;9732;9693
551;6437;10632;12323;9736;9693
552;6402;10683;12315;9747;9730
553;6444;10691;12355;9771;9752
554;6441;10680;12380;9794;9764
555;6455;10722;12421;9822;9789
556;6488;10726;12435;9837;9813
557;6508;10797;12457;9862;9840
558;6548;10845;12461;9862;9847
559;6526;10854;12504;9881;9857
560;6537;10833;12515;9908;9899
561;6535;10867;12579;9931;9903
562;6601;10925;12578;9936;9919
563;6558;10885;12631;9954;9932
564;6576;10922;12612;9981;9971
565;6603;10984;12648;10025;9976
566;6613;10993;12687;10025;10012
567;6634;11025;12717;10043;10012
568;6627;11051;12701;10070;10040
569;6648;11046;12790;10084;10066
570;6674;11073;12812;10103;10080
571;6662;11075;12766;10104;10120
572;6691;11114;12849;10126;10127
573;6675;11123;12877;10167;10148
574;6697;11127;12920;10167;10176
575;6757;11220;12907;10186;10187
576;6714;11204;12961;10212;10190
577;6794;11250;13016;10229;10224
578;6769;11227;13003;10239;10267
579;6767;11230;13052;10273;10269
580;6766;11236;13078;10297;10275
581;6792;11313;13044;10301;10339
582;6837;11325;13100;10331;10309
583;6830;11322;13112;10346;10336
584;6842;11375;13159;10366;10386
585;6836;11400;13216;10382;10363
586;6882;11444;13237;10386;10423
587;6885;11433;13255;10428;10411
588;6907;11499;13274;10445;10463
589;6887;11463;13280;10473;10467
590;6944;11535;13299;10475;10474
591;6919;11535;13371;10496;10523
592;6969;11558;13332;10543;10514
593;6969;11586;13378;10527;10559
594;6968;11580;13385;10588;10573
595;6988;11633;13444;10575;10599
596;7000;11666;13393;10590;10603
597;7024;11704;13481;10620;10639
598;7050;11697;13517;10631;10638
599;7019;11717;13504;10631;10685
600;7053;11711;13581;10689;10699
601;7086;11742;13626;10694;10703
602;7076;11777;13548;10717;10735
603;7099;11795;13603;10735;10753
604;7108;11830;13645;10754;10781
605;7091;11838;13699;10799;10769
606;7155;11871;13684;10778;10821
607;7136;11921;13706;10815;10822
608;7167;11969;13780;10823;10855
609;7165;11958;13791;10858;10843
610;7197;11941;13818;10904;10887
611;7189;11959;13819;10889;10927
612;7180;12004;13887;10906;10927
613;7231;12048;13904;10938;10956
614;7262;12037;13906;10975;10953
615;7243;12081;13890;10965;10994
616;7297;12115;13940;11000;10994
617;7282;12113;13964;11019;11021
618;7347;12174;14016;11034;11054
619;7300;12193;14051;11035;11064
620;7307;12155;14092;11086;11086
621;7364;12227;14094;11093;11113
622;7364;12288;14103;11143;11123
623;7366;12273;14139;11130;11140
624;7393;12286;14154;11149;11166
625;7379;12380;14222;11164;11183
626;7412;12339;14255;11193;11224
627;7405;12332;14231;11202;11220
628;7432;12379;14285;11207;11253
629;7442;12367;14303;11256;11274
630;7419;12421;14346;11262;11293
631;7433;12440;14336;11298;11322
632;7456;12454;14372;11298;11347
633;7468;12516;14376;11322;11360
634;7480;12470;14413;11352;11357
635;7506;12503;14406;11377;11391
636;7556;12604;14479;11370;11403
637;7512;12553;14545;11405;11446
638;7593;12621;14542;11436;11443
639;7585;12627;14622;11439;11474
640;7618;12676;14562;11454;11506
641;7612;12678;14620;11490;11532
642;7639;12693;14623;11505;11551
643;7600;12702;14594;11508;11543
644;7663;12799;14653;11540;11589
645;7676;12733;14727;11578;11615
646;7668;12777;14733;11591;11611
647;7658;12776;14741;11608;11630
648;7655;12758;14784;11614;11670
649;7718;12884;14804;11659;11676
650;7712;12895;14874;11674;11689
651;7727;12880;14889;11679;11724
652;7771;12944;14890;11708;11741
653;7719;12928;14982;11735;11766
654;7733;12914;14922;11713;11786
655;7800;13038;14969;11767;11797
656;7813;13011;15018;11797;11831
657;7831;13061;15080;11815;11826
658;7868;13072;15070;11822;11854
659;7826;13092;15106;11852;11883
660;7877;13114;15062;11854;11899
661;7875;13103;15111;11876;11910
662;7887;13138;15150;11909;11930
663;7945;13189;15186;11907;11964
664;7979;13231;15174;11949;11970
665;7892;13228;15208;11972;11985
666;7891;13187;15195;11981;11999
667;7951;13264;15234;12016;12054
668;8007;13312;15288;12034;12028
669;7983;13315;15317;12052;12067
670;8017;13333;15438;12059;12105
671;8000;13351;15407;12081;12101
672;8034;13360;15403;12110;12141
673;7984;13360;15435;12148;12164
674;8063;13455;15454;12131;12154
675;8091;13499;15449;12171;12201
676;8098;13449;15508;12202;12209
677;8075;13467;15523;12185;12237
678;8121;13529;15540;12221;12258
679;8143;13549;15537;12239;12274
680;8142;13571;15635;12258;12298
681;8127;13579;15628;12274;12301
682;8172;13612;15651;12344;12321
683;8142;13591;15699;12315;12372
684;8215;13673;15702;12323;12367
685;8194;13695;15705;12384;12400
686;8248;13702;15740;12381;12430
687;8212;13729;15751;12403;12450
688;8224;13736;15799;12443;12445
689;8276;13790;15869;12428;12465
690;8258;13714;15868;12462;12479
691;8299;13782;15935;12477;12517
692;8262;13833;15921;12494;12550
693;8293;13889;15994;12499;12558
694;8326;13907;16033;12580;12551
695;8368;13924;15968;12582;12584
696;8339;13900;16070;12579;12624
697;8402;13945;16037;12584;12667
698;8383;14039;16060;12612;12692
699;8396;13997;16090;12620;12677
700;8400;14025;16071;12664;12717
701;8457;14079;16099;12693;12730
702;8430;14060;16197;12714;12754
703;8434;14103;16201;12719;12772
704;8427;14082;16209;12746;12794
705;8461;14127;16251;12772;12802
706;8531;14204;16248;12764;12831
707;8499;14186;16363;12787;12849
708;8473;14222;16310;12809;12857
709;8502;14217;16373;12858;12891
710;8540;14249;16418;12884;12906
711;8538;14250;16393;12875;12904
712;8560;14310;16459;12908;12963
713;8610;14355;16454;12929;12951
714;8561;14362;16489;12916;12978
715;8597;14387;16539;12981;13001
716;8634;14398;16535;12973;13022
717;8606;14407;16577;13033;13050
718;8689;14454;16626;13036;13065
719;8651;14435;16639;13090;13077
720;8661;14437;16686;13099;13093
721;8646;14481;16713;13099;13128
722;8682;14537;16707;13100;13115
723;8654;14460;16757;13142;13167
724;8685;14558;16731;13174;13187
725;8721;14593;16822;13195;13196
726;8817;14654;16849;13183;13221
727;8741;14656;16804;13239;13274
728;8776;14690;16864;13233;13276
729;8798;14716;16856;13294;13298
730;8784;14681;16897;13285;13283
731;8798;14717;16936;13299;13333
732;8870;14802;16942;13315;13362
733;8807;14717;16987;13352;13331
734;8848;14796;16979;13355;13390
735;8888;14835;17050;13397;13410
736;8892;14807;17029;13426;13411
737;8848;14826;17066;13392;13438
738;8963;14900;17058;13448;13489
739;8938;14923;17137;13464;13522
740;8950;14910;17189;13499;13493
741;8971;14973;17164;13484;13531
742;8948;14963;17241;13517;13532
743;8924;14990;17236;13569;13551
744;8966;15085;17303;13595;13584
745;9003;15062;17329;13611;13622
746;9016;15069;17315;13621;13610
747;9028;15129;17346;13643;13657
748;9077;15147;17410;13631;13675
749;9095;15225;17420;13658;13691
750;9048;15125;17395;13723;13703
751;9090;15206;17481;13698;13736
752;9099;15251;17501;13747;13761
753;9118;15218;17552;13734;13766
754;9136;15300;17530;13775;13797
755;9074;15270;17590;13817;13796
756;9172;15318;17576;13834;13843
757;9186;15374;17652;13803;13840
758;9230;15352;17703;13896;13870
759;9206;15379;17639;13884;13892
760;9198;15397;17741;13947;13923
761;9184;15349;17670;13934;13952
762;9245;15421;17692;13925;13932
763;9254;15487;17807;13965;13977
764;9280;15547;17807;13993;14003
765;9276;15479;17822;14001;14010
766;9349;15582;17814;14037;14056
767;9277;15533;17915;14072;14059
768;9317;15608;17954;14101;14094
769;9365;15653;17933;14053;14085
770;9337;15609;17976;14082;14102
771;9358;15654;17994;14132;14137
772;9340;15625;17955;14136;14149
773;9349;15685;18020;14196;14186
774;9426;15738;18041;14199;14197
775;9452;15748;18069;14238;14228
776;9471;15790;18104;14211;14228
777;9425;15779;18123;14238;14285
778;9456;15825;18162;14270;14277
779;9432;15812;18194;14303;14293
780;9499;15878;18168;14343;14327
781;9500;15898;18251;14379;14336
782;9527;15904;18299;14342;14372
783;9518;15976;18271;14370;14358
784;9533;15958;18323;14409;14403
785;9559;16000;18328;14435;14402
786;9570;16017;18385;14449;14470
787;9592;16038;18446;14468;14454
788;9580;16089;18449;14508;14475
789;9587;16065;18464;14513;14497
790;9663;16129;18479;14525;14520
791;9593;16090;18520;14532;14536
792;9631;16147;18531;14567;14567
793;9666;16176;18513;14602;14601
794;9651;16164;18591;14570;14602
795;9704;16196;18598;14621;14633
796;9745;16305;18634;14670;14631
797;9727;16232;18664;14680;14646
798;9710;16355;18729;14702;14679
799;9773;16321;18716;14690;14690
800;9759;16331;18712;14726;14715
801;9780;16373;18704;14752;14738
802;9776;16378;18745;14771;14770
803;9799;16342;18774;14793;14801
804;9801;16392;18823;14799;14808
805;9823;16442;18832;14835;14829
806;9809;16457;18872;14845;14833
807;9833;16484;18927;14872;14852
808;9899;16562;18883;14877;14899
809;9832;16540;19001;14897;14905
810;9836;16509;18969;14933;14920
811;9913;16636;19046;14958;14951
812;9964;16634;19053;14984;14964
813;9956;16632;19069;15000;14999
814;9946;16646;19032;15064;14999
815;9954;16662;19145;15039;15040
816;9949;16700;19202;15067;15052
817;9988;16748;19118;15092;15056
818;10061;16789;19174;15091;15092
819;9987;16726;19210;15159;15111
820;9985;16782;19210;15167;15134
821;10022;16834;19266;15207;15149
822;10082;16877;19315;15202;15163
823;10092;16870;19298;15221;15178
824;10072;16873;19391;15208;15227
825;10108;16892;19367;15235;15227
826;10084;16902;19410;15281;15245
827;10061;16942;19419;15287;15275
828;10131;17024;19415;15308;15295
829;10140;16974;19489;15333;15301
830;10142;16999;19565;15375;15328
831;10161;17040;19537;15386;15355
832;10232;17099;19559;15429;15372
833;10174;17110;19591;15451;15393
834;10247;17161;19590;15413;15443
835;10252;17200;19665;15484;15467
836;10260;17196;19683;15491;15450
837;10252;17171;19683;15515;15487
838;10292;17225;19709;15508;15504
839;10291;17255;19805;15520;15536
840;10361;17276;19769;15544;15525
841;10310;17236;19754;15588;15568
842;10308;17301;19800;15635;15553
843;10363;17397;19908;15604;15614
844;10353;17328;19907;15667;15627
845;10365;17374;19883;15670;15638
846;10430;17437;19898;15715;15669
847;10381;17414;19939;15724;15692
848;10386;17419;20030;15745;15715
849;10410;17461;19965;15752;15698
850;10407;17519;20046;15785;15733
851;10504;17568;20054;15790;15750
852;10497;17597;20083;15827;15784
853;10488;17608;20099;15850;15811
854;10508;17609;20181;15842;15819
855;10540;17650;20181;15889;15867
856;10502;17622;20207;15893;15864
857;10607;17679;20213;15925;15904
858;10584;17745;20262;15933;15891
859;10546;17691;20301;15973;15947
860;10590;17743;20343;16014;15950
861;10582;17771;20385;16025;15962
862;10599;17730;20343;15997;15980
863;10654;17809;20417;16077;16024
864;10677;17768;20430;16067;16034
865;10611;17894;20426;16118;16062
866;10609;17838;20402;16116;16039
867;10659;17922;20504;16132;16085
868;10639;17881;20532;16177;16106
869;10689;17957;20564;16202;16138
870;10739;17969;20609;16211;16162
871;10697;17987;20564;16216;16158
872;10779;18032;20603;16274;16196
873;10770;18024;20615;16286;16194
874;10783;18033;20684;16313;16230
875;10787;18104;20710;16305;16256
876;10818;18082;20717;16339;16258
877;10753;18132;20765;16372;16305
878;10809;18123;20719;16391;16299
879;10828;18156;20857;16414;16332
880;10839;18201;20863;16408;16343
881;10880;18228;20896;16454;16369
882;10926;18287;20788;16447;16401
883;10906;18268;20946;16444;16418
884;10883;18318;20964;16507;16439
885;10927;18348;21001;16544;16454
886;10928;18283;21039;16547;16465
887;10931;18338;21057;16581;16491
888;10954;18428;21056;16583;16552
889;10969;18383;21034;16560;16539
890;10992;18416;21114;16625;16580
891;10996;18453;21147;16634;16583
892;11039;18540;21186;16657;16587
893;11047;18561;21202;16682;16624
894;11041;18556;21230;16731;16643
895;11084;18573;21316;16712;16647
896;11104;18621;21258;16770;16691
897;11106;18634;21306;16787;16703
898;11122;18693;21354;16782;16701
899;11137;18674;21299;16800;16728
900;11136;18668;21397;16807;16749
901;11156;18702;21389;16826;16774
902;11116;18721;21350;16883;16810
903;11152;18781;21394;16921;16817
904;11178;18727;21446;16923;16846
905;11198;18823;21480;16926;16855
906;11216;18838;21529;16963;16885
907;11213;18844;21552;16977;16901
908;11223;18826;21558;16968;16913
909;11194;18860;21594;17038;16946
910;11269;18917;21619;17063;16951
911;11272;18966;21621;17093;16984
912;11308;18977;21699;17092;17015
913;11352;19036;21706;17112;17023
914;11342;19036;21706;17129;17039
915;11342;19013;21799;17163;17082
916;11343;19097;21775;17177;17098
917;11415;19128;21868;17192;17146
918;11363;19093;21800;17188;17108
919;11452;19206;21833;17234;17164
920;11408;19134;21937;17244;17185
921;11411;19198;21936;17242;17183
922;11458;19191;21951;17286;17201
923;11383;19184;21934;17310;17225
924;11500;19247;21970;17320;17262
925;11479;19228;22027;17368;17265
926;11447;19238;22141;17372;17282
927;11523;19363;22098;17409;17301
928;11500;19319;22100;17440;17336
929;11498;19400;22112;17423;17360
930;11521;19403;22125;17482;17377
931;11568;19453;22179;17483;17395
932;11621;19516;22182;17483;17437
933;11581;19478;22226;17568;17458
934;11565;19441;22243;17550;17455
935;11623;19514;22258;17619;17479
936;11698;19606;22338;17612;17483
937;11692;19621;22324;17601;17551
938;11673;19654;22361;17615;17532
939;11693;19631;22416;17658;17525
940;11658;19568;22394;17671;17585
941;11692;19682;22421;17699;17587
942;11738;19741;22503;17711;17630
943;11707;19723;22519;17732;17639
944;11768;19790;22464;17752;17652
945;11813;19803;22602;17763;17689
946;11779;19809;22459;17832;17707
947;11785;19762;22638;17827;17711
948;11784;19848;22646;17813;17739
949;11811;19904;22686;17835;17765
950;11880;19929;22712;17898;17797
951;11918;19926;22729;17915;17804
952;11933;19943;22708;17905;17813
953;11857;19887;22739;17944;17846
954;11871;20006;22871;17946;17866
955;11920;20029;22753;17994;17880
956;11894;20043;22871;18035;17879
957;11925;20082;22870;18029;17923
958;11916;20058;22868;18072;17946
959;11905;20037;22987;18087;17946
960;11991;20117;22926;18109;17993
961;12021;20126;23021;18171;18017
962;12044;20143;23016;18147;18030
963;11975;20137;23040;18176;18059
964;11992;20234;23034;18176;18062
965;12076;20268;23049;18209;18103
966;12079;20232;23063;18234;18128
967;12106;20248;23170;18280;18142
968;12085;20372;23226;18272;18144
969;12112;20342;23124;18296;18156
970;12111;20374;23249;18294;18186
971;12111;20404;23265;18335;18201
972;12198;20412;23289;18327;18254
973;12180;20457;23235;18389;18261
974;12138;20441;23390;18375;18273
975;12214;20491;23313;18393;18283
976;12173;20524;23409;18493;18321
977;12191;20471;23365;18508;18340
978;12217;20601;23390;18491;18353
979;12201;20564;23445;18506;18381
980;12280;20623;23480;18519;18391
981;12256;20597;23356;18536;18404
982;12218;20610;23508;18558;18418
983;12251;20630;23649;18580;18481
984;12309;20699;23554;18639;18502
985;12352;20720;23655;18637;18494
986;12321;20775;23623;18654;18526
987;12374;20824;23636;18681;18573
988;12326;20758;23669;18721;18564
989;12396;20832;23659;18700;18582
990;12389;20853;23717;18716;18625
991;12439;20904;23706;18756;18636
992;12382;20871;23770;18774;18631
993;12447;20939;23821;18789;18673
994;12459;20916;23899;18809;18714
995;12446;20932;23892;18872;18711
996;12447;20948;23873;18864;18708
997;12481;20956;23938;18885;18738
998;12519;21021;23915;18931;18785
999;12474;21055;23972;18879;18790
